INSERT INTO movie.region (id, name) VALUES (1, '서울');
INSERT INTO movie.region (id, name) VALUES (2, '경기');
INSERT INTO movie.region (id, name) VALUES (3, '인천');
INSERT INTO movie.region (id, name) VALUES (4, '강원');
INSERT INTO movie.region (id, name) VALUES (5, '대구');
INSERT INTO movie.region (id, name) VALUES (6, '부산');
INSERT INTO movie.region (id, name) VALUES (7, '제주');

INSERT INTO movie.spot (id, regionid, name) VALUES (1, 1, '강남');
INSERT INTO movie.spot (id, regionid, name) VALUES (2, 1, '건대입구');
INSERT INTO movie.spot (id, regionid, name) VALUES (3, 1, '대학로');
INSERT INTO movie.spot (id, regionid, name) VALUES (4, 1, '미아');
INSERT INTO movie.spot (id, regionid, name) VALUES (5, 2, '남양주');
INSERT INTO movie.spot (id, regionid, name) VALUES (7, 2, '동탄');
INSERT INTO movie.spot (id, regionid, name) VALUES (8, 2, '분당');
INSERT INTO movie.spot (id, regionid, name) VALUES (6, 2, '수원');
INSERT INTO movie.spot (id, regionid, name) VALUES (12, 3, '검단');
INSERT INTO movie.spot (id, regionid, name) VALUES (10, 3, '송도');
INSERT INTO movie.spot (id, regionid, name) VALUES (11, 3, '영종');
INSERT INTO movie.spot (id, regionid, name) VALUES (9, 3, '인천논현');
INSERT INTO movie.spot (id, regionid, name) VALUES (13, 4, '남춘천');
INSERT INTO movie.spot (id, regionid, name) VALUES (14, 4, '속초');
INSERT INTO movie.spot (id, regionid, name) VALUES (15, 4, '원주혁신');
INSERT INTO movie.spot (id, regionid, name) VALUES (16, 4, '춘천석사');
INSERT INTO movie.spot (id, regionid, name) VALUES (18, 5, '대구신세계');
INSERT INTO movie.spot (id, regionid, name) VALUES (17, 5, '대구이시아');
INSERT INTO movie.spot (id, regionid, name) VALUES (19, 5, '마산');
INSERT INTO movie.spot (id, regionid, name) VALUES (20, 5, '창원');
INSERT INTO movie.spot (id, regionid, name) VALUES (24, 6, '경상대');
INSERT INTO movie.spot (id, regionid, name) VALUES (21, 6, '덕천');
INSERT INTO movie.spot (id, regionid, name) VALUES (23, 6, '부산대');
INSERT INTO movie.spot (id, regionid, name) VALUES (22, 6, '해운대');
INSERT INTO movie.spot (id, regionid, name) VALUES (26, 7, '서귀포');
INSERT INTO movie.spot (id, regionid, name) VALUES (25, 7, '제주삼화');
INSERT INTO movie.spot (id, regionid, name) VALUES (27, 7, '제주아라');

INSERT INTO movie.room (id, roomnumber, spotid) VALUES (1, 1, 1);
INSERT INTO movie.room (id, roomnumber, spotid) VALUES (2, 2, 1);
INSERT INTO movie.room (id, roomnumber, spotid) VALUES (3, 1, 2);
INSERT INTO movie.room (id, roomnumber, spotid) VALUES (4, 2, 2);
INSERT INTO movie.room (id, roomnumber, spotid) VALUES (5, 1, 3);
INSERT INTO movie.room (id, roomnumber, spotid) VALUES (6, 2, 3);
INSERT INTO movie.room (id, roomnumber, spotid) VALUES (7, 1, 4);
INSERT INTO movie.room (id, roomnumber, spotid) VALUES (8, 2, 4);
INSERT INTO movie.room (id, roomnumber, spotid) VALUES (9, 1, 5);
INSERT INTO movie.room (id, roomnumber, spotid) VALUES (10, 2, 5);

INSERT INTO movie.seat (horizontal, vertical, id, roomid) VALUES ('a', 1, 1, 1);
INSERT INTO movie.seat (horizontal, vertical, id, roomid) VALUES ('a', 2, 2, 1);
INSERT INTO movie.seat (horizontal, vertical, id, roomid) VALUES ('b', 3, 3, 2);
INSERT INTO movie.seat (horizontal, vertical, id, roomid) VALUES ('b', 4, 4, 2);
INSERT INTO movie.seat (horizontal, vertical, id, roomid) VALUES ('c', 5, 5, 3);
INSERT INTO movie.seat (horizontal, vertical, id, roomid) VALUES ('c', 6, 6, 3);
INSERT INTO movie.seat (horizontal, vertical, id, roomid) VALUES ('d', 7, 7, 4);
INSERT INTO movie.seat (horizontal, vertical, id, roomid) VALUES ('d', 8, 8, 4);
INSERT INTO movie.seat (horizontal, vertical, id, roomid) VALUES ('e', 9, 9, 5);
INSERT INTO movie.seat (horizontal, vertical, id, roomid) VALUES ('e', 10, 10, 5);

INSERT INTO movie.screening (id, date, finish, price, start, movieid, roomid) VALUES (1, '2025-03-04', '12:00:00', 10000, '09:00:00', 1, 1);
INSERT INTO movie.screening (id, date, finish, price, start, movieid, roomid) VALUES (2, '2025-03-04', '13:00:00', 10000, '09:00:00', 1, 2);
INSERT INTO movie.screening (id, date, finish, price, start, movieid, roomid) VALUES (3, '2025-03-05', '11:00:00', 10000, '09:00:00', 2, 3);
INSERT INTO movie.screening (id, date, finish, price, start, movieid, roomid) VALUES (4, '2025-03-05', '14:00:00', 10000, '09:00:00', 2, 4);
INSERT INTO movie.screening (id, date, finish, price, start, movieid, roomid) VALUES (5, '2025-03-06', '11:00:00', 10000, '09:00:00', 3, 5);
INSERT INTO movie.screening (id, date, finish, price, start, movieid, roomid) VALUES (6, '2025-03-06', '13:00:00', 10000, '09:00:00', 3, 1);
INSERT INTO movie.screening (id, date, finish, price, start, movieid, roomid) VALUES (7, '2025-03-07', '12:00:00', 10000, '09:00:00', 4, 2);
INSERT INTO movie.screening (id, date, finish, price, start, movieid, roomid) VALUES (8, '2025-03-07', '15:00:00', 10000, '09:00:00', 4, 3);
INSERT INTO movie.screening (id, date, finish, price, start, movieid, roomid) VALUES (9, '2025-03-08', '10:00:00', 10000, '09:00:00', 5, 4);
INSERT INTO movie.screening (id, date, finish, price, start, movieid, roomid) VALUES (10, '2025-03-08', '11:00:00', 10000, '09:00:00', 5, 5);
INSERT INTO movie.screening (id, date, finish, price, start, movieid, roomid) VALUES (11, '2025-03-04', '13:00:00', 10000, '09:00:00', 2, 2);

INSERT INTO movie.ticket (id, horizontal, price, purchase_time, vertical, screeningid, userid, seatid) VALUES (1, 'a', 10000, '2025-03-05', 1, 1, 1, 1);
INSERT INTO movie.ticket (id, horizontal, price, purchase_time, vertical, screeningid, userid, seatid) VALUES (2, 'a', 10000, '2025-03-05', 2, 1, 1, 2);
